{"stats":{"minecraft:picked_up":{"minecraft:iron_bars":5,"minecraft:dirt":1},"minecraft:dropped":{"minecraft:dirt":1},"minecraft:custom":{"minecraft:time_since_rest":11694,"minecraft:open_chest":2,"minecraft:crouch_one_cm":3,"minecraft:damage_absorbed":66,"minecraft:walk_one_cm":18092,"minecraft:play_time":11694,"minecraft:sprint_one_cm":14982,"minecraft:damage_taken":160,"minecraft:sneak_time":481,"minecraft:walk_under_water_one_cm":72,"minecraft:mob_kills":1,"minecraft:drop":1,"minecraft:jump":97,"minecraft:leave_game":1,"minecraft:time_since_death":11548,"minecraft:walk_on_water_one_cm":206,"minecraft:total_world_time":11694,"minecraft:damage_resisted":18,"minecraft:fall_one_cm":4379,"minecraft:fly_one_cm":784432},"minecraft:used":{"minecraft:ender_eye":11,"minecraft:netherite_sword":64,"minecraft:bow":46,"minecraft:enchanted_golden_apple":3},"minecraft:killed":{"minecraft:ender_dragon":1},"minecraft:mined":{"minecraft:grass_block":1,"minecraft:powder_snow":9}},"DataVersion":3465}